{"schema":{"fields":[{"name":"wage","type":"number"},{"name":"happiness","type":"number"}],"pandas_version":"1.4.0"},"data":[{"wage":1.0,"happiness":0.0},{"wage":1.018,"happiness":0.8},{"wage":1.036,"happiness":1.1},{"wage":1.0541,"happiness":1.8},{"wage":1.0721,"happiness":0.3},{"wage":1.0901,"happiness":0.7},{"wage":1.1081,"happiness":0.0},{"wage":1.1261,"happiness":0.3},{"wage":1.1441,"happiness":1.1},{"wage":1.1622,"happiness":1.7},{"wage":1.1802,"happiness":0.5},{"wage":1.1982,"happiness":0.0},{"wage":1.2162,"happiness":0.0},{"wage":1.2342,"happiness":1.5},{"wage":1.2523,"happiness":0.0},{"wage":1.2703,"happiness":0.3},{"wage":1.2883,"happiness":0.5},{"wage":1.3063,"happiness":0.9},{"wage":1.3243,"happiness":0.0},{"wage":1.3423,"happiness":0.0},{"wage":1.3604,"happiness":0.3},{"wage":1.3784,"happiness":1.4},{"wage":1.3964,"happiness":0.0},{"wage":1.4144,"happiness":0.5},{"wage":1.4324,"happiness":0.0},{"wage":1.4505,"happiness":1.7},{"wage":1.4685,"happiness":2.6},{"wage":1.4865,"happiness":0.3},{"wage":1.5045,"happiness":1.3},{"wage":1.5225,"happiness":1.0},{"wage":1.5405,"happiness":0.7},{"wage":1.5586,"happiness":1.2},{"wage":1.5766,"happiness":2.0},{"wage":1.5946,"happiness":3.0},{"wage":1.6126,"happiness":2.0},{"wage":1.6306,"happiness":1.8},{"wage":1.6486,"happiness":0.9},{"wage":1.6667,"happiness":1.5},{"wage":1.6847,"happiness":1.0},{"wage":1.7027,"happiness":1.0},{"wage":1.7207,"happiness":1.2},{"wage":1.7387,"happiness":0.0},{"wage":1.7568,"happiness":0.0},{"wage":1.7748,"happiness":1.7},{"wage":1.7928,"happiness":0.0},{"wage":1.8108,"happiness":1.4},{"wage":1.8288,"happiness":2.8},{"wage":1.8468,"happiness":0.1},{"wage":1.8649,"happiness":1.7},{"wage":1.8829,"happiness":0.1},{"wage":1.9009,"happiness":2.5},{"wage":1.9189,"happiness":0.0},{"wage":1.9369,"happiness":0.0},{"wage":1.955,"happiness":1.2},{"wage":1.973,"happiness":2.0},{"wage":1.991,"happiness":0.1},{"wage":2.009,"happiness":0.0},{"wage":2.027,"happiness":1.1},{"wage":2.045,"happiness":0.0},{"wage":2.0631,"happiness":0.4},{"wage":2.0811,"happiness":0.3},{"wage":2.0991,"happiness":0.0},{"wage":2.1171,"happiness":0.3},{"wage":2.1351,"happiness":0.0},{"wage":2.1532,"happiness":1.0},{"wage":2.1712,"happiness":1.2},{"wage":2.1892,"happiness":0.9},{"wage":2.2072,"happiness":0.3},{"wage":2.2252,"happiness":0.0},{"wage":2.2432,"happiness":0.0},{"wage":2.2613,"happiness":0.0},{"wage":2.2793,"happiness":1.6},{"wage":2.2973,"happiness":0.1},{"wage":2.3153,"happiness":1.0},{"wage":2.3333,"happiness":2.8},{"wage":2.3514,"happiness":0.8},{"wage":2.3694,"happiness":0.3},{"wage":2.3874,"happiness":0.0},{"wage":2.4054,"happiness":3.3},{"wage":2.4234,"happiness":2.5},{"wage":2.4414,"happiness":0.7},{"wage":2.4595,"happiness":2.2},{"wage":2.4775,"happiness":0.0},{"wage":2.4955,"happiness":1.0},{"wage":2.5135,"happiness":1.1},{"wage":2.5315,"happiness":0.9},{"wage":2.5495,"happiness":2.7},{"wage":2.5676,"happiness":1.2},{"wage":2.5856,"happiness":2.8},{"wage":2.6036,"happiness":2.2},{"wage":2.6216,"happiness":1.1},{"wage":2.6396,"happiness":2.5},{"wage":2.6577,"happiness":0.6},{"wage":2.6757,"happiness":2.5},{"wage":2.6937,"happiness":1.8},{"wage":2.7117,"happiness":0.0},{"wage":2.7297,"happiness":1.7},{"wage":2.7477,"happiness":1.7},{"wage":2.7658,"happiness":2.1},{"wage":2.7838,"happiness":1.8},{"wage":2.8018,"happiness":0.5},{"wage":2.8198,"happiness":0.9},{"wage":2.8378,"happiness":0.7},{"wage":2.8559,"happiness":0.8},{"wage":2.8739,"happiness":2.6},{"wage":2.8919,"happiness":1.2},{"wage":2.9099,"happiness":1.8},{"wage":2.9279,"happiness":2.1},{"wage":2.9459,"happiness":3.1},{"wage":2.964,"happiness":1.9},{"wage":2.982,"happiness":1.0},{"wage":3.0,"happiness":0.6},{"wage":3.018,"happiness":1.0},{"wage":3.036,"happiness":4.0},{"wage":3.0541,"happiness":1.1},{"wage":3.0721,"happiness":2.0},{"wage":3.0901,"happiness":1.1},{"wage":3.1081,"happiness":1.3},{"wage":3.1261,"happiness":1.7},{"wage":3.1441,"happiness":0.9},{"wage":3.1622,"happiness":2.0},{"wage":3.1802,"happiness":2.4},{"wage":3.1982,"happiness":2.4},{"wage":3.2162,"happiness":1.7},{"wage":3.2342,"happiness":2.8},{"wage":3.2523,"happiness":1.3},{"wage":3.2703,"happiness":2.1},{"wage":3.2883,"happiness":2.6},{"wage":3.3063,"happiness":1.3},{"wage":3.3243,"happiness":2.4},{"wage":3.3423,"happiness":2.3},{"wage":3.3604,"happiness":1.8},{"wage":3.3784,"happiness":1.0},{"wage":3.3964,"happiness":1.9},{"wage":3.4144,"happiness":2.5},{"wage":3.4324,"happiness":1.3},{"wage":3.4505,"happiness":2.4},{"wage":3.4685,"happiness":1.9},{"wage":3.4865,"happiness":1.2},{"wage":3.5045,"happiness":2.1},{"wage":3.5225,"happiness":2.6},{"wage":3.5405,"happiness":2.4},{"wage":3.5586,"happiness":3.6},{"wage":3.5766,"happiness":1.9},{"wage":3.5946,"happiness":1.1},{"wage":3.6126,"happiness":2.8},{"wage":3.6306,"happiness":1.8},{"wage":3.6486,"happiness":2.2},{"wage":3.6667,"happiness":2.5},{"wage":3.6847,"happiness":1.7},{"wage":3.7027,"happiness":2.0},{"wage":3.7207,"happiness":2.4},{"wage":3.7387,"happiness":2.8},{"wage":3.7568,"happiness":3.4},{"wage":3.7748,"happiness":4.5},{"wage":3.7928,"happiness":3.3},{"wage":3.8108,"happiness":3.1},{"wage":3.8288,"happiness":2.0},{"wage":3.8468,"happiness":2.6},{"wage":3.8649,"happiness":0.6},{"wage":3.8829,"happiness":1.3},{"wage":3.9009,"happiness":2.0},{"wage":3.9189,"happiness":2.9},{"wage":3.9369,"happiness":3.2},{"wage":3.955,"happiness":3.2},{"wage":3.973,"happiness":0.9},{"wage":3.991,"happiness":2.8},{"wage":4.009,"happiness":2.2},{"wage":4.027,"happiness":1.3},{"wage":4.045,"happiness":1.5},{"wage":4.0631,"happiness":4.1},{"wage":4.0811,"happiness":1.2},{"wage":4.0991,"happiness":2.8},{"wage":4.1171,"happiness":2.2},{"wage":4.1351,"happiness":3.6},{"wage":4.1532,"happiness":3.8},{"wage":4.1712,"happiness":1.0},{"wage":4.1892,"happiness":2.4},{"wage":4.2072,"happiness":2.0},{"wage":4.2252,"happiness":3.4},{"wage":4.2432,"happiness":4.3},{"wage":4.2613,"happiness":2.3},{"wage":4.2793,"happiness":3.7},{"wage":4.2973,"happiness":2.7},{"wage":4.3153,"happiness":2.5},{"wage":4.3333,"happiness":2.6},{"wage":4.3514,"happiness":4.4},{"wage":4.3694,"happiness":2.4},{"wage":4.3874,"happiness":3.8},{"wage":4.4054,"happiness":3.4},{"wage":4.4234,"happiness":1.1},{"wage":4.4414,"happiness":2.5},{"wage":4.4595,"happiness":3.4},{"wage":4.4775,"happiness":0.6},{"wage":4.4955,"happiness":2.8},{"wage":4.5135,"happiness":3.6},{"wage":4.5315,"happiness":3.8},{"wage":4.5495,"happiness":0.7},{"wage":4.5676,"happiness":2.4},{"wage":4.5856,"happiness":4.2},{"wage":4.6036,"happiness":2.2},{"wage":4.6216,"happiness":2.4},{"wage":4.6396,"happiness":4.5},{"wage":4.6577,"happiness":5.1},{"wage":4.6757,"happiness":2.2},{"wage":4.6937,"happiness":1.4},{"wage":4.7117,"happiness":3.1},{"wage":4.7297,"happiness":2.3},{"wage":4.7477,"happiness":3.3},{"wage":4.7658,"happiness":2.9},{"wage":4.7838,"happiness":1.8},{"wage":4.8018,"happiness":4.0},{"wage":4.8198,"happiness":3.3},{"wage":4.8378,"happiness":2.7},{"wage":4.8559,"happiness":2.9},{"wage":4.8739,"happiness":3.5},{"wage":4.8919,"happiness":4.0},{"wage":4.9099,"happiness":2.9},{"wage":4.9279,"happiness":5.4},{"wage":4.9459,"happiness":4.3},{"wage":4.964,"happiness":3.9},{"wage":4.982,"happiness":4.1},{"wage":5.0,"happiness":3.2},{"wage":5.018,"happiness":3.1},{"wage":5.036,"happiness":3.7},{"wage":5.0541,"happiness":3.0},{"wage":5.0721,"happiness":4.2},{"wage":5.0901,"happiness":3.3},{"wage":5.1081,"happiness":2.9},{"wage":5.1261,"happiness":3.8},{"wage":5.1441,"happiness":4.2},{"wage":5.1622,"happiness":3.9},{"wage":5.1802,"happiness":1.5},{"wage":5.1982,"happiness":4.0},{"wage":5.2162,"happiness":2.7},{"wage":5.2342,"happiness":3.6},{"wage":5.2523,"happiness":2.1},{"wage":5.2703,"happiness":4.8},{"wage":5.2883,"happiness":4.6},{"wage":5.3063,"happiness":2.9},{"wage":5.3243,"happiness":4.2},{"wage":5.3423,"happiness":5.0},{"wage":5.3604,"happiness":3.5},{"wage":5.3784,"happiness":4.3},{"wage":5.3964,"happiness":2.9},{"wage":5.4144,"happiness":4.5},{"wage":5.4324,"happiness":3.2},{"wage":5.4505,"happiness":3.4},{"wage":5.4685,"happiness":4.9},{"wage":5.4865,"happiness":3.2},{"wage":5.5045,"happiness":4.5},{"wage":5.5225,"happiness":4.6},{"wage":5.5405,"happiness":4.7},{"wage":5.5586,"happiness":4.3},{"wage":5.5766,"happiness":4.7},{"wage":5.5946,"happiness":3.1},{"wage":5.6126,"happiness":4.5},{"wage":5.6306,"happiness":6.2},{"wage":5.6486,"happiness":3.9},{"wage":5.6667,"happiness":4.9},{"wage":5.6847,"happiness":4.2},{"wage":5.7027,"happiness":4.5},{"wage":5.7207,"happiness":6.1},{"wage":5.7387,"happiness":4.6},{"wage":5.7568,"happiness":5.2},{"wage":5.7748,"happiness":4.1},{"wage":5.7928,"happiness":2.8},{"wage":5.8108,"happiness":2.8},{"wage":5.8288,"happiness":4.7},{"wage":5.8468,"happiness":3.7},{"wage":5.8649,"happiness":4.1},{"wage":5.8829,"happiness":4.6},{"wage":5.9009,"happiness":3.4},{"wage":5.9189,"happiness":5.4},{"wage":5.9369,"happiness":3.0},{"wage":5.955,"happiness":3.3},{"wage":5.973,"happiness":3.6},{"wage":5.991,"happiness":4.8},{"wage":6.009,"happiness":4.4},{"wage":6.027,"happiness":4.4},{"wage":6.045,"happiness":4.2},{"wage":6.0631,"happiness":5.0},{"wage":6.0811,"happiness":4.8},{"wage":6.0991,"happiness":4.8},{"wage":6.1171,"happiness":2.9},{"wage":6.1351,"happiness":4.3},{"wage":6.1532,"happiness":2.5},{"wage":6.1712,"happiness":5.3},{"wage":6.1892,"happiness":4.3},{"wage":6.2072,"happiness":3.7},{"wage":6.2252,"happiness":5.7},{"wage":6.2432,"happiness":5.0},{"wage":6.2613,"happiness":3.5},{"wage":6.2793,"happiness":3.8},{"wage":6.2973,"happiness":6.1},{"wage":6.3153,"happiness":5.5},{"wage":6.3333,"happiness":5.1},{"wage":6.3514,"happiness":4.9},{"wage":6.3694,"happiness":3.8},{"wage":6.3874,"happiness":3.0},{"wage":6.4054,"happiness":4.0},{"wage":6.4234,"happiness":5.7},{"wage":6.4414,"happiness":4.3},{"wage":6.4595,"happiness":5.3},{"wage":6.4775,"happiness":4.0},{"wage":6.4955,"happiness":3.1},{"wage":6.5135,"happiness":5.1},{"wage":6.5315,"happiness":5.2},{"wage":6.5495,"happiness":4.1},{"wage":6.5676,"happiness":5.0},{"wage":6.5856,"happiness":4.0},{"wage":6.6036,"happiness":4.2},{"wage":6.6216,"happiness":3.3},{"wage":6.6396,"happiness":3.0},{"wage":6.6577,"happiness":3.4},{"wage":6.6757,"happiness":5.3},{"wage":6.6937,"happiness":5.1},{"wage":6.7117,"happiness":5.2},{"wage":6.7297,"happiness":6.1},{"wage":6.7477,"happiness":4.8},{"wage":6.7658,"happiness":3.5},{"wage":6.7838,"happiness":5.6},{"wage":6.8018,"happiness":3.9},{"wage":6.8198,"happiness":4.8},{"wage":6.8378,"happiness":5.9},{"wage":6.8559,"happiness":2.4},{"wage":6.8739,"happiness":7.2},{"wage":6.8919,"happiness":4.8},{"wage":6.9099,"happiness":5.7},{"wage":6.9279,"happiness":5.0},{"wage":6.9459,"happiness":3.2},{"wage":6.964,"happiness":5.7},{"wage":6.982,"happiness":4.0},{"wage":7.0,"happiness":5.7},{"wage":7.018,"happiness":6.2},{"wage":7.036,"happiness":3.5},{"wage":7.0541,"happiness":4.0},{"wage":7.0721,"happiness":4.0},{"wage":7.0901,"happiness":4.9},{"wage":7.1081,"happiness":5.3},{"wage":7.1261,"happiness":5.7},{"wage":7.1441,"happiness":4.4},{"wage":7.1622,"happiness":5.9},{"wage":7.1802,"happiness":3.6},{"wage":7.1982,"happiness":5.5},{"wage":7.2162,"happiness":4.9},{"wage":7.2342,"happiness":4.0},{"wage":7.2523,"happiness":5.8},{"wage":7.2703,"happiness":5.8},{"wage":7.2883,"happiness":4.9},{"wage":7.3063,"happiness":6.3},{"wage":7.3243,"happiness":5.5},{"wage":7.3423,"happiness":4.2},{"wage":7.3604,"happiness":4.1},{"wage":7.3784,"happiness":3.9},{"wage":7.3964,"happiness":6.1},{"wage":7.4144,"happiness":6.0},{"wage":7.4324,"happiness":5.6},{"wage":7.4505,"happiness":6.6},{"wage":7.4685,"happiness":4.8},{"wage":7.4865,"happiness":6.5},{"wage":7.5045,"happiness":5.6},{"wage":7.5225,"happiness":5.0},{"wage":7.5405,"happiness":5.2},{"wage":7.5586,"happiness":4.6},{"wage":7.5766,"happiness":5.4},{"wage":7.5946,"happiness":3.6},{"wage":7.6126,"happiness":3.8},{"wage":7.6306,"happiness":4.8},{"wage":7.6486,"happiness":6.3},{"wage":7.6667,"happiness":5.7},{"wage":7.6847,"happiness":6.4},{"wage":7.7027,"happiness":3.8},{"wage":7.7207,"happiness":6.0},{"wage":7.7387,"happiness":5.8},{"wage":7.7568,"happiness":5.3},{"wage":7.7748,"happiness":5.9},{"wage":7.7928,"happiness":5.3},{"wage":7.8108,"happiness":6.5},{"wage":7.8288,"happiness":4.6},{"wage":7.8468,"happiness":3.7},{"wage":7.8649,"happiness":5.6},{"wage":7.8829,"happiness":6.5},{"wage":7.9009,"happiness":5.5},{"wage":7.9189,"happiness":5.4},{"wage":7.9369,"happiness":4.1},{"wage":7.955,"happiness":6.3},{"wage":7.973,"happiness":6.4},{"wage":7.991,"happiness":6.8},{"wage":8.009,"happiness":5.6},{"wage":8.027,"happiness":6.5},{"wage":8.045,"happiness":4.1},{"wage":8.0631,"happiness":4.6},{"wage":8.0811,"happiness":7.7},{"wage":8.0991,"happiness":8.5},{"wage":8.1171,"happiness":8.7},{"wage":8.1351,"happiness":5.9},{"wage":8.1532,"happiness":6.2},{"wage":8.1712,"happiness":5.8},{"wage":8.1892,"happiness":5.1},{"wage":8.2072,"happiness":5.6},{"wage":8.2252,"happiness":4.8},{"wage":8.2432,"happiness":6.1},{"wage":8.2613,"happiness":5.9},{"wage":8.2793,"happiness":6.7},{"wage":8.2973,"happiness":6.9},{"wage":8.3153,"happiness":7.4},{"wage":8.3333,"happiness":6.0},{"wage":8.3514,"happiness":6.0},{"wage":8.3694,"happiness":6.1},{"wage":8.3874,"happiness":6.9},{"wage":8.4054,"happiness":5.1},{"wage":8.4234,"happiness":5.1},{"wage":8.4414,"happiness":8.0},{"wage":8.4595,"happiness":6.0},{"wage":8.4775,"happiness":6.0},{"wage":8.4955,"happiness":7.5},{"wage":8.5135,"happiness":7.1},{"wage":8.5315,"happiness":5.9},{"wage":8.5495,"happiness":6.3},{"wage":8.5676,"happiness":7.1},{"wage":8.5856,"happiness":8.1},{"wage":8.6036,"happiness":7.3},{"wage":8.6216,"happiness":6.4},{"wage":8.6396,"happiness":7.2},{"wage":8.6577,"happiness":6.9},{"wage":8.6757,"happiness":5.8},{"wage":8.6937,"happiness":7.9},{"wage":8.7117,"happiness":6.5},{"wage":8.7297,"happiness":6.3},{"wage":8.7477,"happiness":6.7},{"wage":8.7658,"happiness":7.1},{"wage":8.7838,"happiness":6.9},{"wage":8.8018,"happiness":6.5},{"wage":8.8198,"happiness":8.0},{"wage":8.8378,"happiness":5.6},{"wage":8.8559,"happiness":6.8},{"wage":8.8739,"happiness":6.4},{"wage":8.8919,"happiness":7.3},{"wage":8.9099,"happiness":5.3},{"wage":8.9279,"happiness":6.5},{"wage":8.9459,"happiness":4.5},{"wage":8.964,"happiness":4.9},{"wage":8.982,"happiness":6.0},{"wage":9.0,"happiness":7.9},{"wage":9.018,"happiness":7.2},{"wage":9.036,"happiness":5.9},{"wage":9.0541,"happiness":8.2},{"wage":9.0721,"happiness":5.2},{"wage":9.0901,"happiness":7.9},{"wage":9.1081,"happiness":6.1},{"wage":9.1261,"happiness":7.6},{"wage":9.1441,"happiness":6.4},{"wage":9.1622,"happiness":5.1},{"wage":9.1802,"happiness":7.1},{"wage":9.1982,"happiness":7.5},{"wage":9.2162,"happiness":7.4},{"wage":9.2342,"happiness":6.3},{"wage":9.2523,"happiness":6.0},{"wage":9.2703,"happiness":6.2},{"wage":9.2883,"happiness":5.3},{"wage":9.3063,"happiness":6.5},{"wage":9.3243,"happiness":5.5},{"wage":9.3423,"happiness":6.0},{"wage":9.3604,"happiness":6.5},{"wage":9.3784,"happiness":7.1},{"wage":9.3964,"happiness":5.0},{"wage":9.4144,"happiness":5.4},{"wage":9.4324,"happiness":5.1},{"wage":9.4505,"happiness":6.4},{"wage":9.4685,"happiness":5.3},{"wage":9.4865,"happiness":7.7},{"wage":9.5045,"happiness":7.6},{"wage":9.5225,"happiness":7.1},{"wage":9.5405,"happiness":8.3},{"wage":9.5586,"happiness":5.9},{"wage":9.5766,"happiness":8.2},{"wage":9.5946,"happiness":6.3},{"wage":9.6126,"happiness":5.5},{"wage":9.6306,"happiness":5.5},{"wage":9.6486,"happiness":5.8},{"wage":9.6667,"happiness":6.1},{"wage":9.6847,"happiness":6.4},{"wage":9.7027,"happiness":7.0},{"wage":9.7207,"happiness":5.0},{"wage":9.7387,"happiness":5.5},{"wage":9.7568,"happiness":5.9},{"wage":9.7748,"happiness":8.2},{"wage":9.7928,"happiness":7.9},{"wage":9.8108,"happiness":5.6},{"wage":9.8288,"happiness":6.8},{"wage":9.8468,"happiness":6.0},{"wage":9.8649,"happiness":6.9},{"wage":9.8829,"happiness":5.1},{"wage":9.9009,"happiness":8.0},{"wage":9.9189,"happiness":7.1},{"wage":9.9369,"happiness":6.4},{"wage":9.955,"happiness":5.1},{"wage":9.973,"happiness":5.5},{"wage":9.991,"happiness":5.4},{"wage":10.009,"happiness":6.2},{"wage":10.027,"happiness":7.2},{"wage":10.045,"happiness":7.0},{"wage":10.0631,"happiness":7.0},{"wage":10.0811,"happiness":6.3},{"wage":10.0991,"happiness":5.6},{"wage":10.1171,"happiness":6.6},{"wage":10.1351,"happiness":7.6},{"wage":10.1532,"happiness":7.0},{"wage":10.1712,"happiness":4.3},{"wage":10.1892,"happiness":6.9},{"wage":10.2072,"happiness":7.2},{"wage":10.2252,"happiness":5.5},{"wage":10.2432,"happiness":6.8},{"wage":10.2613,"happiness":7.1},{"wage":10.2793,"happiness":7.8},{"wage":10.2973,"happiness":6.2},{"wage":10.3153,"happiness":7.0},{"wage":10.3333,"happiness":5.8},{"wage":10.3514,"happiness":6.3},{"wage":10.3694,"happiness":6.9},{"wage":10.3874,"happiness":5.8},{"wage":10.4054,"happiness":6.2},{"wage":10.4234,"happiness":5.6},{"wage":10.4414,"happiness":6.5},{"wage":10.4595,"happiness":6.2},{"wage":10.4775,"happiness":6.0},{"wage":10.4955,"happiness":7.4},{"wage":10.5135,"happiness":5.0},{"wage":10.5315,"happiness":7.5},{"wage":10.5495,"happiness":7.3},{"wage":10.5676,"happiness":6.6},{"wage":10.5856,"happiness":7.3},{"wage":10.6036,"happiness":7.2},{"wage":10.6216,"happiness":6.0},{"wage":10.6396,"happiness":7.5},{"wage":10.6577,"happiness":8.5},{"wage":10.6757,"happiness":5.7},{"wage":10.6937,"happiness":7.1},{"wage":10.7117,"happiness":6.5},{"wage":10.7297,"happiness":6.1},{"wage":10.7477,"happiness":5.9},{"wage":10.7658,"happiness":7.0},{"wage":10.7838,"happiness":6.2},{"wage":10.8018,"happiness":7.8},{"wage":10.8198,"happiness":5.5},{"wage":10.8378,"happiness":9.4},{"wage":10.8559,"happiness":4.8},{"wage":10.8739,"happiness":6.2},{"wage":10.8919,"happiness":8.3},{"wage":10.9099,"happiness":6.7},{"wage":10.9279,"happiness":8.9},{"wage":10.9459,"happiness":8.5},{"wage":10.964,"happiness":7.7},{"wage":10.982,"happiness":7.4},{"wage":11.0,"happiness":8.3},{"wage":11.018,"happiness":7.3},{"wage":11.036,"happiness":9.1},{"wage":11.0541,"happiness":5.7},{"wage":11.0721,"happiness":8.5},{"wage":11.0901,"happiness":7.0},{"wage":11.1081,"happiness":8.3},{"wage":11.1261,"happiness":5.3},{"wage":11.1441,"happiness":6.4},{"wage":11.1622,"happiness":7.9},{"wage":11.1802,"happiness":7.2},{"wage":11.1982,"happiness":6.4},{"wage":11.2162,"happiness":6.3},{"wage":11.2342,"happiness":5.9},{"wage":11.2523,"happiness":6.7},{"wage":11.2703,"happiness":7.6},{"wage":11.2883,"happiness":8.3},{"wage":11.3063,"happiness":8.4},{"wage":11.3243,"happiness":7.4},{"wage":11.3423,"happiness":7.9},{"wage":11.3604,"happiness":7.5},{"wage":11.3784,"happiness":6.4},{"wage":11.3964,"happiness":7.4},{"wage":11.4144,"happiness":8.0},{"wage":11.4324,"happiness":5.3},{"wage":11.4505,"happiness":7.0},{"wage":11.4685,"happiness":5.5},{"wage":11.4865,"happiness":4.5},{"wage":11.5045,"happiness":5.9},{"wage":11.5225,"happiness":7.5},{"wage":11.5405,"happiness":6.0},{"wage":11.5586,"happiness":6.4},{"wage":11.5766,"happiness":8.3},{"wage":11.5946,"happiness":8.5},{"wage":11.6126,"happiness":6.2},{"wage":11.6306,"happiness":5.6},{"wage":11.6486,"happiness":4.9},{"wage":11.6667,"happiness":6.7},{"wage":11.6847,"happiness":7.5},{"wage":11.7027,"happiness":7.8},{"wage":11.7207,"happiness":6.4},{"wage":11.7387,"happiness":6.0},{"wage":11.7568,"happiness":7.1},{"wage":11.7748,"happiness":8.2},{"wage":11.7928,"happiness":6.3},{"wage":11.8108,"happiness":7.5},{"wage":11.8288,"happiness":8.1},{"wage":11.8468,"happiness":6.6},{"wage":11.8649,"happiness":6.3},{"wage":11.8829,"happiness":6.1},{"wage":11.9009,"happiness":6.7},{"wage":11.9189,"happiness":7.1},{"wage":11.9369,"happiness":7.7},{"wage":11.955,"happiness":7.8},{"wage":11.973,"happiness":7.0},{"wage":11.991,"happiness":8.2},{"wage":12.009,"happiness":6.7},{"wage":12.027,"happiness":6.7},{"wage":12.045,"happiness":8.1},{"wage":12.0631,"happiness":7.8},{"wage":12.0811,"happiness":7.0},{"wage":12.0991,"happiness":8.6},{"wage":12.1171,"happiness":6.7},{"wage":12.1351,"happiness":6.0},{"wage":12.1532,"happiness":7.0},{"wage":12.1712,"happiness":7.7},{"wage":12.1892,"happiness":7.5},{"wage":12.2072,"happiness":5.9},{"wage":12.2252,"happiness":7.4},{"wage":12.2432,"happiness":7.6},{"wage":12.2613,"happiness":6.0},{"wage":12.2793,"happiness":8.0},{"wage":12.2973,"happiness":8.0},{"wage":12.3153,"happiness":6.7},{"wage":12.3333,"happiness":8.2},{"wage":12.3514,"happiness":6.5},{"wage":12.3694,"happiness":5.8},{"wage":12.3874,"happiness":7.1},{"wage":12.4054,"happiness":8.0},{"wage":12.4234,"happiness":7.6},{"wage":12.4414,"happiness":8.9},{"wage":12.4595,"happiness":6.1},{"wage":12.4775,"happiness":7.3},{"wage":12.4955,"happiness":7.3},{"wage":12.5135,"happiness":6.0},{"wage":12.5315,"happiness":6.8},{"wage":12.5495,"happiness":6.6},{"wage":12.5676,"happiness":6.2},{"wage":12.5856,"happiness":7.4},{"wage":12.6036,"happiness":6.5},{"wage":12.6216,"happiness":6.3},{"wage":12.6396,"happiness":9.5},{"wage":12.6577,"happiness":7.4},{"wage":12.6757,"happiness":7.9},{"wage":12.6937,"happiness":7.1},{"wage":12.7117,"happiness":6.5},{"wage":12.7297,"happiness":7.4},{"wage":12.7477,"happiness":8.1},{"wage":12.7658,"happiness":8.1},{"wage":12.7838,"happiness":7.7},{"wage":12.8018,"happiness":6.7},{"wage":12.8198,"happiness":5.8},{"wage":12.8378,"happiness":7.2},{"wage":12.8559,"happiness":6.7},{"wage":12.8739,"happiness":6.8},{"wage":12.8919,"happiness":9.8},{"wage":12.9099,"happiness":7.4},{"wage":12.9279,"happiness":8.5},{"wage":12.9459,"happiness":8.2},{"wage":12.964,"happiness":6.6},{"wage":12.982,"happiness":6.7},{"wage":13.0,"happiness":7.4},{"wage":13.018,"happiness":6.3},{"wage":13.036,"happiness":8.6},{"wage":13.0541,"happiness":7.1},{"wage":13.0721,"happiness":8.7},{"wage":13.0901,"happiness":7.1},{"wage":13.1081,"happiness":9.1},{"wage":13.1261,"happiness":6.0},{"wage":13.1441,"happiness":7.4},{"wage":13.1622,"happiness":8.9},{"wage":13.1802,"happiness":7.3},{"wage":13.1982,"happiness":7.1},{"wage":13.2162,"happiness":6.8},{"wage":13.2342,"happiness":8.3},{"wage":13.2523,"happiness":8.8},{"wage":13.2703,"happiness":8.0},{"wage":13.2883,"happiness":5.2},{"wage":13.3063,"happiness":6.5},{"wage":13.3243,"happiness":7.1},{"wage":13.3423,"happiness":7.7},{"wage":13.3604,"happiness":7.2},{"wage":13.3784,"happiness":8.9},{"wage":13.3964,"happiness":7.4},{"wage":13.4144,"happiness":8.1},{"wage":13.4324,"happiness":8.1},{"wage":13.4505,"happiness":6.8},{"wage":13.4685,"happiness":7.8},{"wage":13.4865,"happiness":7.4},{"wage":13.5045,"happiness":8.2},{"wage":13.5225,"happiness":7.3},{"wage":13.5405,"happiness":6.9},{"wage":13.5586,"happiness":7.4},{"wage":13.5766,"happiness":6.3},{"wage":13.5946,"happiness":7.9},{"wage":13.6126,"happiness":5.9},{"wage":13.6306,"happiness":6.8},{"wage":13.6486,"happiness":7.5},{"wage":13.6667,"happiness":6.6},{"wage":13.6847,"happiness":8.7},{"wage":13.7027,"happiness":7.9},{"wage":13.7207,"happiness":8.4},{"wage":13.7387,"happiness":10.0},{"wage":13.7568,"happiness":8.6},{"wage":13.7748,"happiness":10.0},{"wage":13.7928,"happiness":6.9},{"wage":13.8108,"happiness":7.3},{"wage":13.8288,"happiness":6.6},{"wage":13.8468,"happiness":7.0},{"wage":13.8649,"happiness":6.7},{"wage":13.8829,"happiness":7.8},{"wage":13.9009,"happiness":7.8},{"wage":13.9189,"happiness":6.4},{"wage":13.9369,"happiness":6.7},{"wage":13.955,"happiness":7.8},{"wage":13.973,"happiness":5.2},{"wage":13.991,"happiness":7.9},{"wage":14.009,"happiness":7.6},{"wage":14.027,"happiness":8.7},{"wage":14.045,"happiness":8.2},{"wage":14.0631,"happiness":7.5},{"wage":14.0811,"happiness":7.2},{"wage":14.0991,"happiness":8.2},{"wage":14.1171,"happiness":7.7},{"wage":14.1351,"happiness":7.5},{"wage":14.1532,"happiness":8.6},{"wage":14.1712,"happiness":7.5},{"wage":14.1892,"happiness":8.1},{"wage":14.2072,"happiness":9.6},{"wage":14.2252,"happiness":5.7},{"wage":14.2432,"happiness":7.5},{"wage":14.2613,"happiness":6.7},{"wage":14.2793,"happiness":7.3},{"wage":14.2973,"happiness":8.2},{"wage":14.3153,"happiness":7.9},{"wage":14.3333,"happiness":6.3},{"wage":14.3514,"happiness":7.9},{"wage":14.3694,"happiness":7.8},{"wage":14.3874,"happiness":6.6},{"wage":14.4054,"happiness":8.6},{"wage":14.4234,"happiness":7.6},{"wage":14.4414,"happiness":8.7},{"wage":14.4595,"happiness":7.5},{"wage":14.4775,"happiness":7.3},{"wage":14.4955,"happiness":7.0},{"wage":14.5135,"happiness":8.2},{"wage":14.5315,"happiness":8.3},{"wage":14.5495,"happiness":8.7},{"wage":14.5676,"happiness":8.3},{"wage":14.5856,"happiness":7.4},{"wage":14.6036,"happiness":8.3},{"wage":14.6216,"happiness":8.3},{"wage":14.6396,"happiness":8.6},{"wage":14.6577,"happiness":6.0},{"wage":14.6757,"happiness":7.7},{"wage":14.6937,"happiness":7.8},{"wage":14.7117,"happiness":8.1},{"wage":14.7297,"happiness":8.4},{"wage":14.7477,"happiness":8.5},{"wage":14.7658,"happiness":7.9},{"wage":14.7838,"happiness":7.9},{"wage":14.8018,"happiness":9.4},{"wage":14.8198,"happiness":6.9},{"wage":14.8378,"happiness":8.4},{"wage":14.8559,"happiness":5.7},{"wage":14.8739,"happiness":5.9},{"wage":14.8919,"happiness":7.2},{"wage":14.9099,"happiness":8.1},{"wage":14.9279,"happiness":8.2},{"wage":14.9459,"happiness":8.7},{"wage":14.964,"happiness":9.0},{"wage":14.982,"happiness":7.3},{"wage":15.0,"happiness":8.7},{"wage":15.018,"happiness":7.5},{"wage":15.036,"happiness":7.3},{"wage":15.0541,"happiness":6.8},{"wage":15.0721,"happiness":7.4},{"wage":15.0901,"happiness":6.7},{"wage":15.1081,"happiness":8.0},{"wage":15.1261,"happiness":6.7},{"wage":15.1441,"happiness":6.8},{"wage":15.1622,"happiness":6.6},{"wage":15.1802,"happiness":9.1},{"wage":15.1982,"happiness":7.2},{"wage":15.2162,"happiness":7.3},{"wage":15.2342,"happiness":7.9},{"wage":15.2523,"happiness":7.3},{"wage":15.2703,"happiness":8.5},{"wage":15.2883,"happiness":7.5},{"wage":15.3063,"happiness":8.2},{"wage":15.3243,"happiness":7.4},{"wage":15.3423,"happiness":7.1},{"wage":15.3604,"happiness":7.5},{"wage":15.3784,"happiness":8.4},{"wage":15.3964,"happiness":8.6},{"wage":15.4144,"happiness":8.1},{"wage":15.4324,"happiness":6.9},{"wage":15.4505,"happiness":7.0},{"wage":15.4685,"happiness":6.4},{"wage":15.4865,"happiness":8.0},{"wage":15.5045,"happiness":8.0},{"wage":15.5225,"happiness":7.2},{"wage":15.5405,"happiness":7.0},{"wage":15.5586,"happiness":8.3},{"wage":15.5766,"happiness":7.8},{"wage":15.5946,"happiness":7.3},{"wage":15.6126,"happiness":7.5},{"wage":15.6306,"happiness":8.0},{"wage":15.6486,"happiness":7.2},{"wage":15.6667,"happiness":6.3},{"wage":15.6847,"happiness":9.6},{"wage":15.7027,"happiness":6.7},{"wage":15.7207,"happiness":6.6},{"wage":15.7387,"happiness":6.1},{"wage":15.7568,"happiness":8.1},{"wage":15.7748,"happiness":6.2},{"wage":15.7928,"happiness":7.0},{"wage":15.8108,"happiness":7.4},{"wage":15.8288,"happiness":7.2},{"wage":15.8468,"happiness":9.0},{"wage":15.8649,"happiness":8.1},{"wage":15.8829,"happiness":6.9},{"wage":15.9009,"happiness":7.4},{"wage":15.9189,"happiness":7.9},{"wage":15.9369,"happiness":8.4},{"wage":15.955,"happiness":5.4},{"wage":15.973,"happiness":8.9},{"wage":15.991,"happiness":8.5},{"wage":16.009,"happiness":5.7},{"wage":16.027,"happiness":6.4},{"wage":16.045,"happiness":6.1},{"wage":16.0631,"happiness":7.7},{"wage":16.0811,"happiness":9.1},{"wage":16.0991,"happiness":7.4},{"wage":16.1171,"happiness":8.2},{"wage":16.1351,"happiness":7.7},{"wage":16.1532,"happiness":7.1},{"wage":16.1712,"happiness":6.4},{"wage":16.1892,"happiness":8.6},{"wage":16.2072,"happiness":6.2},{"wage":16.2252,"happiness":6.8},{"wage":16.2432,"happiness":6.8},{"wage":16.2613,"happiness":7.0},{"wage":16.2793,"happiness":8.1},{"wage":16.2973,"happiness":7.1},{"wage":16.3153,"happiness":8.6},{"wage":16.3333,"happiness":8.8},{"wage":16.3514,"happiness":7.0},{"wage":16.3694,"happiness":7.4},{"wage":16.3874,"happiness":7.6},{"wage":16.4054,"happiness":7.6},{"wage":16.4234,"happiness":6.9},{"wage":16.4414,"happiness":7.7},{"wage":16.4595,"happiness":8.4},{"wage":16.4775,"happiness":7.9},{"wage":16.4955,"happiness":9.4},{"wage":16.5135,"happiness":6.4},{"wage":16.5315,"happiness":8.2},{"wage":16.5495,"happiness":6.1},{"wage":16.5676,"happiness":9.7},{"wage":16.5856,"happiness":8.8},{"wage":16.6036,"happiness":6.3},{"wage":16.6216,"happiness":7.2},{"wage":16.6396,"happiness":7.7},{"wage":16.6577,"happiness":9.7},{"wage":16.6757,"happiness":7.2},{"wage":16.6937,"happiness":10.0},{"wage":16.7117,"happiness":7.9},{"wage":16.7297,"happiness":8.3},{"wage":16.7477,"happiness":8.5},{"wage":16.7658,"happiness":9.1},{"wage":16.7838,"happiness":8.3},{"wage":16.8018,"happiness":8.5},{"wage":16.8198,"happiness":8.5},{"wage":16.8378,"happiness":7.8},{"wage":16.8559,"happiness":9.5},{"wage":16.8739,"happiness":9.6},{"wage":16.8919,"happiness":8.4},{"wage":16.9099,"happiness":9.3},{"wage":16.9279,"happiness":8.6},{"wage":16.9459,"happiness":9.1},{"wage":16.964,"happiness":8.5},{"wage":16.982,"happiness":8.7},{"wage":17.0,"happiness":5.5},{"wage":17.018,"happiness":6.8},{"wage":17.036,"happiness":8.3},{"wage":17.0541,"happiness":8.8},{"wage":17.0721,"happiness":8.7},{"wage":17.0901,"happiness":7.3},{"wage":17.1081,"happiness":8.1},{"wage":17.1261,"happiness":8.6},{"wage":17.1441,"happiness":8.3},{"wage":17.1622,"happiness":7.2},{"wage":17.1802,"happiness":8.4},{"wage":17.1982,"happiness":8.5},{"wage":17.2162,"happiness":6.8},{"wage":17.2342,"happiness":6.9},{"wage":17.2523,"happiness":7.8},{"wage":17.2703,"happiness":9.1},{"wage":17.2883,"happiness":6.4},{"wage":17.3063,"happiness":10.0},{"wage":17.3243,"happiness":8.8},{"wage":17.3423,"happiness":7.9},{"wage":17.3604,"happiness":8.4},{"wage":17.3784,"happiness":6.7},{"wage":17.3964,"happiness":9.2},{"wage":17.4144,"happiness":8.2},{"wage":17.4324,"happiness":9.2},{"wage":17.4505,"happiness":9.0},{"wage":17.4685,"happiness":7.9},{"wage":17.4865,"happiness":8.8},{"wage":17.5045,"happiness":7.5},{"wage":17.5225,"happiness":10.0},{"wage":17.5405,"happiness":9.1},{"wage":17.5586,"happiness":8.3},{"wage":17.5766,"happiness":7.2},{"wage":17.5946,"happiness":9.3},{"wage":17.6126,"happiness":9.7},{"wage":17.6306,"happiness":9.4},{"wage":17.6486,"happiness":7.3},{"wage":17.6667,"happiness":9.1},{"wage":17.6847,"happiness":9.2},{"wage":17.7027,"happiness":7.9},{"wage":17.7207,"happiness":7.4},{"wage":17.7387,"happiness":9.4},{"wage":17.7568,"happiness":7.8},{"wage":17.7748,"happiness":6.9},{"wage":17.7928,"happiness":8.9},{"wage":17.8108,"happiness":7.8},{"wage":17.8288,"happiness":8.7},{"wage":17.8468,"happiness":7.2},{"wage":17.8649,"happiness":8.5},{"wage":17.8829,"happiness":7.9},{"wage":17.9009,"happiness":8.3},{"wage":17.9189,"happiness":9.5},{"wage":17.9369,"happiness":8.8},{"wage":17.955,"happiness":8.3},{"wage":17.973,"happiness":9.1},{"wage":17.991,"happiness":9.2},{"wage":18.009,"happiness":9.2},{"wage":18.027,"happiness":5.8},{"wage":18.045,"happiness":10.0},{"wage":18.0631,"happiness":7.6},{"wage":18.0811,"happiness":10.0},{"wage":18.0991,"happiness":8.3},{"wage":18.1171,"happiness":9.2},{"wage":18.1351,"happiness":7.8},{"wage":18.1532,"happiness":10.0},{"wage":18.1712,"happiness":9.3},{"wage":18.1892,"happiness":7.5},{"wage":18.2072,"happiness":8.0},{"wage":18.2252,"happiness":6.4},{"wage":18.2432,"happiness":9.1},{"wage":18.2613,"happiness":9.3},{"wage":18.2793,"happiness":10.0},{"wage":18.2973,"happiness":9.6},{"wage":18.3153,"happiness":10.0},{"wage":18.3333,"happiness":10.0},{"wage":18.3514,"happiness":9.3},{"wage":18.3694,"happiness":8.5},{"wage":18.3874,"happiness":10.0},{"wage":18.4054,"happiness":10.0},{"wage":18.4234,"happiness":9.7},{"wage":18.4414,"happiness":10.0},{"wage":18.4595,"happiness":6.9},{"wage":18.4775,"happiness":8.7},{"wage":18.4955,"happiness":8.6},{"wage":18.5135,"happiness":9.1},{"wage":18.5315,"happiness":9.6},{"wage":18.5495,"happiness":8.7},{"wage":18.5676,"happiness":8.0},{"wage":18.5856,"happiness":9.0},{"wage":18.6036,"happiness":7.8},{"wage":18.6216,"happiness":10.0},{"wage":18.6396,"happiness":8.2},{"wage":18.6577,"happiness":9.6},{"wage":18.6757,"happiness":8.2},{"wage":18.6937,"happiness":10.0},{"wage":18.7117,"happiness":8.4},{"wage":18.7297,"happiness":9.6},{"wage":18.7477,"happiness":8.6},{"wage":18.7658,"happiness":9.2},{"wage":18.7838,"happiness":8.7},{"wage":18.8018,"happiness":9.8},{"wage":18.8198,"happiness":8.9},{"wage":18.8378,"happiness":10.0},{"wage":18.8559,"happiness":10.0},{"wage":18.8739,"happiness":9.1},{"wage":18.8919,"happiness":8.2},{"wage":18.9099,"happiness":9.9},{"wage":18.9279,"happiness":9.1},{"wage":18.9459,"happiness":9.1},{"wage":18.964,"happiness":10.0},{"wage":18.982,"happiness":10.0},{"wage":19.0,"happiness":9.5}]}